{"initial_reset_timestamp": 1606512178.96806, "timestamps": [1606512179.948844], "episode_lengths": [1017], "episode_rewards": [-21.0], "episode_types": ["t"]}