{"initial_reset_timestamp": 1606510861.370163, "timestamps": [1606510867.0798569], "episode_lengths": [1025], "episode_rewards": [-21.0], "episode_types": ["t"]}