{"initial_reset_timestamp": 1606513530.086878, "timestamps": [1606513531.062888], "episode_lengths": [1030], "episode_rewards": [-21.0], "episode_types": ["t"]}